{
  "f1_weighted": 0.7110065455838496,
  "f1_macro": 0.32434026124811777,
  "per_label_f1": {
    "B-ACTION": 0.21237458193979933,
    "B-ACTOR": 0.3026706231454006,
    "B-EFFECT": 0.20704845814977973,
    "B-EVIDENCE": 0.18518518518518517,
    "B-VICTIM": 0.22759601706970128,
    "I-ACTION": 0.28158679202017883,
    "I-ACTOR": 0.32372281234193223,
    "I-EFFECT": 0.28981937602627256,
    "I-EVIDENCE": 0.3088180112570357,
    "I-VICTIM": 0.3682795698924731,
    "O": 0.8606414467015367
  }
}