{
  "best_val_f1_weighted": 0.6458784203168719,
  "best_val_f1_macro": 0.15411124329947734,
  "per_label_f1": {
    "O": 0.8343815936922657,
    "B-ACTOR": 0.16603053435114504,
    "I-ACTOR": 0.14396135265700483,
    "B-ACTION": 0.07110438729198185,
    "I-ACTION": 0.14368540458784976,
    "B-EFFECT": 0.007462686567164179,
    "I-EFFECT": 0.1311406282943285,
    "B-EVIDENCE": 0.022113022113022112,
    "I-EVIDENCE": 0.09002045919527166,
    "B-VICTIM": 0.04100227790432802,
    "I-VICTIM": 0.0443213296398892
  },
  "report": "              precision    recall  f1-score   support\n\n    B-ACTION       0.12      0.05      0.07       942\n     B-ACTOR       0.20      0.14      0.17      1204\n    B-EFFECT       0.03      0.00      0.01       711\n  B-EVIDENCE       0.10      0.01      0.02       727\n    B-VICTIM       0.06      0.03      0.04       554\n    I-ACTION       0.27      0.10      0.14      2900\n     I-ACTOR       0.19      0.12      0.14      1289\n    I-EFFECT       0.21      0.10      0.13      3230\n  I-EVIDENCE       0.24      0.06      0.09      3581\n    I-VICTIM       0.08      0.03      0.04       532\n           O       0.76      0.92      0.83     44764\n\n    accuracy                           0.70     60434\n   macro avg       0.21      0.14      0.15     60434\nweighted avg       0.61      0.70      0.65     60434\n",
  "hyperparams": {
    "train_path": "/content/SemEval2026-Task-10/LLM-Assignment-3/iffa_roberta_crf/data/train_rehydrated.jsonl",
    "results_dir": "/content/drive/MyDrive/SemEval2026/roberta_crf_runs/results",
    "plots_dir": "/content/drive/MyDrive/SemEval2026/roberta_crf_runs/plots",
    "model_name": "roberta-base",
    "epochs": 10,
    "batch_size": 2,
    "grad_accum": 8,
    "max_length": 192,
    "lr": 2e-05
  }
}