{
  "epoch": [
    1,
    2,
    3,
    4,
    5,
    6,
    7,
    8,
    9,
    10
  ],
  "val_f1_weighted": [
    0.6307527309087984,
    0.6364465679237946,
    0.6395315230295758,
    0.6458784203168719,
    0.6403262631344241,
    0.6377699705437861,
    0.640122771813922,
    0.6372864537949445,
    0.6365944982464257,
    0.6379836361284742
  ],
  "val_f1_macro": [
    0.07923732774570591,
    0.11153663489899542,
    0.13162982202162435,
    0.15411124329947734,
    0.16779504822702732,
    0.16944507463411795,
    0.174667383172618,
    0.17420545511664273,
    0.1769616683796719,
    0.1766303976456994
  ]
}