{
    "per_class": {
        "Actor": {
            "precision": 0.7848244620589331,
            "recall": 0.4604651162783049,
            "f1": 0.5804020053882566,
            "tp": 2772,
            "fp": 760,
            "fn": 3248
        },
        "Action": {
            "precision": 0.8102108767990555,
            "recall": 0.31622265540325706,
            "f1": 0.4548995130189093,
            "tp": 1460,
            "fp": 342,
            "fn": 3157
        },
        "Effect": {
            "precision": 0.8173690932207233,
            "recall": 0.18166335509457376,
            "f1": 0.2972596347379606,
            "tp": 640,
            "fp": 143,
            "fn": 2883
        },
        "Victim": {
            "precision": 0.7182095625562746,
            "recall": 0.22825735531772307,
            "f1": 0.3464180532567298,
            "tp": 706,
            "fp": 277,
            "fn": 2387
        },
        "Evidence": {
            "precision": 0.7710843373401074,
            "recall": 0.18218047253008204,
            "f1": 0.294727144040195,
            "tp": 640,
            "fp": 190,
            "fn": 2873
        }
    },
    "macro_f1": 0.39474127008841026,
    "weighted_f1": 0.4212840370299391
}