{
  "best_val_f1_weighted": 0.6382770086541946,
  "best_val_f1_macro": 0.1358967590088856,
  "per_label_f1": {
    "O": 0.8372028222556152,
    "B-ACTOR": 0.1691240242844753,
    "I-ACTOR": 0.1487946799667498,
    "B-ACTION": 0.05833956619296934,
    "I-ACTION": 0.11819291819291819,
    "B-EFFECT": 0.0,
    "I-EFFECT": 0.05234159779614325,
    "B-EVIDENCE": 0.015364916773367477,
    "I-EVIDENCE": 0.023662274805055124,
    "B-VICTIM": 0.034574468085106384,
    "I-VICTIM": 0.037267080745341616
  },
  "report": "              precision    recall  f1-score   support\n\n    B-ACTION       0.10      0.04      0.06       942\n     B-ACTOR       0.18      0.16      0.17      1204\n    B-EFFECT       0.00      0.00      0.00       711\n  B-EVIDENCE       0.11      0.01      0.02       727\n    B-VICTIM       0.07      0.02      0.03       554\n    I-ACTION       0.20      0.08      0.12      2900\n     I-ACTOR       0.16      0.14      0.15      1289\n    I-EFFECT       0.24      0.03      0.05      3230\n  I-EVIDENCE       0.32      0.01      0.02      3581\n    I-VICTIM       0.11      0.02      0.04       532\n           O       0.75      0.94      0.84     44764\n\n    accuracy                           0.71     60434\n   macro avg       0.20      0.13      0.14     60434\nweighted avg       0.61      0.71      0.64     60434\n",
  "hyperparams": {
    "train_path": "data/train_rehydrated.jsonl",
    "results_dir": "results_roberta_dapt_crf",
    "plots_dir": "plots_roberta_dapt_crf",
    "model_name": "/content/drive/MyDrive/Colab Notebooks/SemEval2026-Task-10/LLM-Assignment-2/roberta_dapt",
    "epochs": 3,
    "batch_size": 2,
    "grad_accum": 8,
    "max_length": 192,
    "lr": 2e-05
  }
}