{
  "f1_weighted": 0.6513941958214098,
  "f1_macro": 0.22488212392854223,
  "per_label_f1": {
    "O": 0.8170690144845214,
    "B-ACTION": 0.07300188797986155,
    "I-ACTION": 0.2511394712853236,
    "B-ACTOR": 0.20234291799787008,
    "I-ACTOR": 0.24890446976336547,
    "B-EFFECT": 0.050997782705099776,
    "I-EFFECT": 0.2314410480349345,
    "B-EVIDENCE": 0.10438413361169102,
    "I-EVIDENCE": 0.2763806066891366,
    "B-VICTIM": 0.052980132450331126,
    "I-VICTIM": 0.16506189821182943
  }
}