{
  "epoch": [
    1,
    2,
    3
  ],
  "val_f1_weighted": [
    0.6341599414859377,
    0.6377738052141811,
    0.6382770086541946
  ],
  "val_f1_macro": [
    0.10579497585253414,
    0.11729582472836543,
    0.1358967590088856
  ]
}